"Name",                   "Formula",         "Mass", "log P", "HB Donors", "HB Acceptors", "Rotatable Bonds", "Polar Surface", "Heavy Atom", "Complexity", "Density", "Boiling", "Melting",  "SMILES","InChl"
"1-Octanol",              C₈H₁₈O,          130.23,   3.0,     1,           1,              6,                 20.2,             9,          52.5,          0.82,      178.5,        -38,"CCCCCCC(C)O","InChI=1S/C8H18O/c1-3-4-5-6-7-8(2)9/h8-9H,3-7H2,1-2H3"
"2-Ethylhexanol",         C₈H₁₈O,          130.23,   3.1,     1,           1,              5,                 20.2,             9,          52.5,          0.83,        184,        -76,"CCCCC(CC)CO","InChI=1S/C8H18O/c1-3-5-6-8(4-2)7-9/h8-9H,3-7H2,1-2H3"
"2-Octanol",              C₈H₁₈O,          130.23,   2.9,     1,           1,              5,                 20.2,             9,          43.8,          0.83,        195,        -16,"CCCCCCCCO","InChI=1S/C8H18O/c1-2-3-4-5-6-7-8-9/h9H,2-8H2,1H3"
"3-Octanol",              C₈H₁₈O,          130.23,   2.8,     1,           1,              5,                 20.2,             9,          52.5,         0.818,        175,        -45,"CCCCCC(CC)O","InChI=1S/C8H18O/c1-3-5-6-7-8(9)4-2/h8-9H,3-7H2,1-2H3"
"Acesulfame Potassium",	  C₄H₄KNO₄S,	   201.24, -0.55,     0,           5,              0,                 69.8,            11,           288,          1.81,        210,	  230.5,"CC1=CC(=O)[N-]S(=O)(=O)O1.[K+]","InChI=1S/C4H5NO4S.K/c1-3-2-4(6)5-10(7,8)9-3;/h2H,1H3,(H,5,6);/q;+1/p-1"
"Acetamide",              C₂H₅NO,           59.07, -1.26,     1,           1,              0,                 43.1,             4,            33,          1.159,     221.2,         79,"CC(=O)N","InChI=1S/C2H5NO/c1-2(3)4/h1H3,(H2,3,4)"
"Acetic Acid",            C₂H₄O₂,           60.05, -0.28,     1,           2,              0,                 37.3,             4,            31,          1.049,       118,         16,"CC(=O)O","InChI=1S/C2H4O2/c1-2(3)4/h1H3,(H,3,4)"
"Acetylene",              C₂H₂,             26.04,  0.37,     0,           0,              0,                 0,                2,             8,          0.6,         -84,      -80.8,"C#C","InChI=1S/C2H2/c1-2/h1-2H"
"Adenine",                C₅H₅N₅,          135.13, -2.12,     2,           4,              0,                 80.5,            10,           127,          1.9,       243.2,        360,"C1=NC2=NC=NC(=C2N1)N","InChI=1S/C5H5N5/c6-4-3-5(9-1-7-3)10-2-8-4/h1-2H,(H3,6,7,8,9,10)"
"Alanine",                C₃H₇NO₂,          89.09, -0.68,     2,           3,              1,                 63.3,             6,           61.8,         1.424,     212.9,        295,"C[C@@H](C(=O)O)N","InChI=1S/C3H7NO2/c1-2(4)3(5)6/h2H,4H2,1H3,(H,5,6)/t2-/m0/s1"
"Ammonia",                NH₃,              17.03,  -0.7,     1,           1,              0,                 1,                1,           0,            0.00086,  −33.34,     −77.73,"N","InChI=1S/H3N/h1H3"
"Anthracene",             C₁₄H₁₀,          178.23,  4.56,     0,           0,              0,                 0,               14,           154,          1.28,      341.3,        216,"C1=CC=C2C=C3C=CC=CC3=CC2=C1","InChI=1S/C14H10/c1-2-6-12-10-14-8-4-3-7-13(14)9-11(12)5-1/h1-10H"
"Arginine",               C₆H₁₄N₄O₂,        174.2, -1.652,    4,           4,              5,                 128,             12,           176,          1.5,       368,          260,"C(C[C@@H](C(=O)O)N)CN=C(N)N","InChI=1S/C6H14N4O2/c7-4(5(11)12)2-1-3-10-6(8)9/h4H,1-3,7H2,(H,11,12)(H4,8,9,10)/t4-/m0/s1"
"Argon",                  Ar,                39.9,  0.66,     0,           0,              0,                 0,                1,           0,            1.656,    -185.7,     -189.2,"[Ar]","InChI=1S/Ar"
"Artemisinin",            C₁₅H₂₂O₅,        282.33,  2.27,     0,           5,              0,                 54,              20,           452,          1.24,      389.9,        156,"C[C@@H]1CC[C@H]2[C@H](C(=O)O[C@H]3[C@@]24[C@H]1CC[C@](O3)(OO4)C)C","InChI=1S/C15H22O5/c1-8-4-5-11-9(2)12(16)17-13-15(11)10(8)6-7-14(3,18-13)19-20-15/h8-11,13H,4-7H2,1-3H3/t8-,9-,10+,11+,13-,14-,15-/m1/s1"
"Asparagine",             C₄H₈N₂O₃,        132.12, -3.82,     3,           4,              3,                 106,              9,           134,          1.543,     438,          234,"C([C@@H](C(=O)O)N)C(=O)N","InChI=1S/C4H8N2O3/c5-2(4(8)9)1-3(6)7/h2H,1,5H2,(H2,6,7)(H,8,9)/t2-/m0/s1"
"Aspartame",              C₁₄H₁₈N₂O₅,       294.3,  -2.7,     3,           6,              8,                 119,             21,           380,          1.21,     436.08,        245,"COC(=O)C(CC1=CC=CC=C1)NC(=O)C(CC(=O)O)N","InChI=1S/C14H18N2O5/c1-21-14(20)11(7-9-5-3-2-4-6-9)16-13(19)10(15)8-12(17)18/h2-6,10-11H,7-8,15H2,1H3,(H,16,19)(H,17,18)/t10-,11-/m0/s1"
"Aspartic Acid",          C₄H₇NO₄,          133.1, -0.67,     3,           5,              3,                 101,              9,           133,          1.7,       324,          270,"C([C@@H](C(=O)O)N)C(=O)O","InChI=1S/C4H7NO4/c5-2(4(8)9)1-3(6)7/h2H,1,5H2,(H,6,7)(H,8,9)/t2-/m0/s1"
"Aspirin",                C₉H₈O₄,          180.16,   1.2,     1,           4,              3,                 63.6,            13,           212,          1.4,       140,          135,"CC(=O)OC1=CC=CC=C1C(=O)O","InChI=1S/C9H8O4/c1-6(10)13-8-5-3-2-4-7(8)9(11)12/h2-5H,1H3,(H,11,12)"
"ATP",                    C₁₀H₁₆N₅O₁₃P₃,   507.18,  -5.5,     7,          17,              8,                 279,             31,           800,          1.04,      951,          187,"C1=NC(=C2C(=N1)N(C=N2)[C@H]3[C@@H]([C@@H]([C@H](O3)COP(=O)(O)OP(=O)(O)OP(=O)(O)O)O)O)N","InChI=1S/C10H16N5O13P3/c11-8-5-9(13-2-12-8)15(3-14-5)10-7(17)6(16)4(26-10)1-25-30(21,22)28-31(23,24)27-29(18,19)20/h2-4,6-7,10,16-17H,1H2,(H,21,22)(H,23,24)(H2,11,12,13)(H2,18,19,20)/t4-,6-,7-,10-/m1/s1"
"Azithromycin",           C₃₈H₇₂N₂O₁₂,     748.98,  3.33,     5,          14,              7,                 180,             52,           1150,         1.2,       822.1,        113,"CC[C@@H]1[C@@]([C@@H]([C@H](N(C[C@@H](C[C@@]([C@@H]([C@H]([C@@H]([C@H](C(=O)O1)C)O[C@H]2C[C@@]([C@H]([C@@H](O2)C)O)(C)OC)C)O[C@H]3[C@@H]([C@H](C[C@H](O3)C)N(C)C)O)(C)O)C)C)C)O)(C)O","InChI=1S/C38H72N2O12/c1-15-27-38(10,46)31(42)24(6)40(13)19-20(2)17-36(8,45)33(52-35-29(41)26(39(11)12)16-21(3)48-35)22(4)30(23(5)34(44)50-27)51-28-18-37(9,47-14)32(43)25(7)49-28/h20-33,35,41-43,45-46H,15-19H2,1-14H3/t20-,21-,22+,23-,24-,25+,26+,27-,28+,29-,30+,31-,32+,33-,35+,36-,37-,38-/m1/s1"
"Benzene",                C₆H₆,             78.11,   2.1,     0,           0,              0,                 0,                6,           15.5,         0.88,      80,           5.5,"C1=CC=CC=C1","InChI=1S/C6H6/c1-2-4-6-5-3-1/h1-6H"
"Biphenyl",               C₁₂H₁₀,          154.21,  3.98,     0,           0,              1,                 0,               12,           100,          1.0,       255,         69.2,"C1=CC=C(C=C1)C2=CC=CC=C2","InChI=1S/C12H10/c1-3-7-11(8-4-1)12-9-5-2-6-10-12/h1-10H"
"Buckminsterfullerene",   C₆₀,              720.6,  18.3,     0,           0,              0,                 0,               60,           2030,         1.65,      527,          280,"C12=C3C4=C5C6=C1C7=C8C9=C1C%10=C%11C(=C29)C3=C2C3=C4C4=C5C5=C9C6=C7C6=C7C8=C1C1=C8C%10=C%10C%11=C2C2=C3C3=C4C4=C5C5=C%11C%12=C(C6=C95)C7=C1C1=C%12C5=C%11C4=C3C3=C5C(=C81)C%10=C23","InChI=1S/C60/c1-2-5-6-3(1)8-12-10-4(1)9-11-7(2)17-21-13(5)23-24-14(6)22-18(8)28-20(12)30-26-16(10)15(9)25-29-19(11)27(17)37-41-31(21)33(23)43-44-34(24)32(22)42-38(28)48-40(30)46-36(26)35(25)45-39(29)47(37)55-49(41)51(43)57-52(44)50(42)56(48)59-54(46)53(45)58(55)60(57)59"
"Butanamide",             C₄H₉NO,           87.12, -0.17,     1,           1,              2,                43.1,              6,           51.5,         1.03,      216,          115,"CCCC(=O)N","InChI=1S/C4H9NO/c1-2-3-4(5)6/h2-3H2,1H3,(H2,5,6)"
"Butanamine",             C₄H₁₁N,           73.14, 1.056,     1,           1,              2,                 26,               5,           13.1,         0.741,      77,          -49,"CCCCN","InChI=1S/C4H11N/c1-2-3-4-5/h2-5H2,1H3"
"Butanal",                C₄H₈O,            72.11,  0.88,     0,           1,              2,                17.1,              5,           24.8,         0.8016,    74.8,      -96.86,"CCCC=O","InChI=1S/C4H8O/c1-2-3-4-5/h4H,2-3H2,1H3"
"Butane",                 C₄H₁₀,            58.12,   2.9,     0,           0,              1,                 0,                4,           2,            0.6,       -0.5,        -138,"CCCC","InChI=1S/C4H10/c1-3-4-2/h3-4H2,1-2H3"
"Butanoic Acid",          C₄H₈O₂,           88.11,  0.79,     1,           2,              2,                37.3,              6,           49.5,         1.135,   163.75,        -5.1,"CCCC(=O)O","InChI=1S/C4H8O2/c1-2-3-4(5)6/h2-3H2,1H3,(H,5,6)"
"Butanol",                C₄H₁₀O,           74.12, 0.839,     1,           1,              2,                 20.2,             5,           13.1,         0.81,      117.7,      -89.8,"CCCCO","InChI=1S/C4H10O/c1-2-3-4-5/h5H,2-4H2,1H3"
"Butanone",               C₄H₈O,            72.11,  0.37,     0,           1,              1,                17.1,              5,           38.9,         0.805,     79.64,        -86,"CCC(=O)C","InChI=1S/C4H8O/c1-3-4(2)5/h3H2,1-2H3"
"Carbomycin",             C₄₂H₆₇NO₁₆,      841.98,  2.40,     2,          17,             14,                 215,             59,           1470,         1.2,       892.2,        214,"C[C@@H]1C[C@@H]([C@@H]([C@H]([C@@H](CC(=O)O[C@@H](C[C@H]2[C@@H](O2)/C=C/C1=O)C)OC(=O)C)OC)O[C@H]3[C@@H]([C@H]([C@@H]([C@H](O3)C)O[C@H]4C[C@@]([C@H]([C@@H](O4)C)OC(=O)CC(C)C)(C)O)N(C)C)O)CC=O","InChI=1S/C42H67NO16/c1-21(2)16-32(47)57-40-25(6)53-34(20-42(40,8)50)58-37-24(5)54-41(36(49)35(37)43(9)10)59-38-27(14-15-44)17-22(3)28(46)12-13-29-30(56-29)18-23(4)52-33(48)19-31(39(38)51-11)55-26(7)45/h12-13,15,21-25,27,29-31,34-41,49-50H,14,16-20H2,1-11H3/b13-12+/t22-,23-,24-,25+,27+,29+,30+,31-,34+,35-,36-,37-,38+,39+,40+,41+,42-/m1/s1"
"Carbon Dioxide",         CO₂,             44.009,  0.83,     0,           2,              0,                 34.1,             3,           18.3,         0.0018,    -78.46,    -56.56,"C(=O)=O","InChI=1S/CO2/c2-1-3"
"Carbon Monoxide",        CO,               28.01,   0.7,     0,           1,              0,                 1,                2,           10,           0.00125,  −191.5,    −205.02,"[C-]#[O+]","InChI=1S/CO/c1-2"
"Caffeine",               C₈H₁₀N₄O₂,       194.19,  -0.1,     0,           3,              0,                 58.4,            14,           293,          1.23,      178,          238,"CN1C=NC2=C1C(=O)N(C(=O)N2C)C","InChI=1S/C8H10N4O2/c1-10-4-9-6-5(10)7(13)12(3)8(14)11(6)2/h4H,1-3H3"
"Cefotaxime",             C₁₆H₁₇N₅O₇S₂,     455.5,  -0.5,     3,          12,              8,                 227,             30,           833,          1.8,     719.14,      314.96,"CC(=O)OCC1=C(N2[C@@H]([C@@H](C2=O)NC(=O)/C(=N\OC)/C3=CSC(=N3)N)SC1)C(=O)O","InChI=1S/C16H17N5O7S2/c1-6(22)28-3-7-4-29-14-10(13(24)21(14)11(7)15(25)26)19-12(23)9(20-27-2)8-5-30-16(17)18-8/h5,10,14H,3-4H2,1-2H3,(H2,17,18)(H,19,23)(H,25,26)/b20-9-/t10-,14-/m1/s1"
"Ceftazidime",            C₂₂H₂₂N₆O₇S₂,	    546.6,  -1.6,     3,          12,              8,                 245,             37,          1020,          1.2,       150,          108,"CC(C)(C(=O)O)O/N=C(/C1=CSC(=N1)N)\C(=O)N[C@H]2[C@@H]3N(C2=O)C(=C(CS3)C[N+]4=CC=CC=C4)C(=O)[O-]","InChI=1S/C22H22N6O7S2/c1-22(2,20(33)34)35-26-13(12-10-37-21(23)24-12)16(29)25-14-17(30)28-15(19(31)32)11(9-36-18(14)28)8-27-6-4-3-5-7-27/h3-7,10,14,18H,8-9H2,1-2H3,(H4-,23,24,25,29,31,32,33,34)/b26-13-/t14-,18-/m1/s1"
"Chlorpheniramine",       C₁₆H₁₉ClN₂,      274.79,  3.39,     0,           2,              5,                 16.1,            19,           249,          1.1,       379,          116,"CN(C)CCC(C1=CC=C(C=C1)Cl)C2=CC=CC=N2","InChI=1S/C16H19ClN2/c1-19(2)12-10-15(16-5-3-4-11-18-16)13-6-8-14(17)9-7-13/h3-9,11,15H,10,12H2,1-2H3"
"Cholesterol",            C₂₇H₄₆O,          386.7,   8.7,     1,           1,              5,                 20.2,            28,           591,          1.067,     360,        148.5,"C[C@H](CCCC(C)C)[C@H]1CC[C@@H]2[C@@]1(CC[C@H]3[C@H]2CC=C4[C@@]3(CC[C@@H](C4)O)C)C","InChI=1S/C27H46O/c1-18(2)7-6-8-19(3)23-11-12-24-22-10-9-20-17-21(28)13-15-26(20,4)25(22)14-16-27(23,24)5/h9,18-19,21-25,28H,6-8,10-17H2,1-5H3/t19-,21+,22+,23-,24+,25+,26+,27-/m1/s1"
"Ciprofloxacin",          C₁₇H₁₈FN₃O₃,     331.34,  0.28,     2,           7,              3,                 72.9,            24,           571,          1.5,    566.55,          256,"C1CC1N2C=C(C(=O)C3=CC(=C(C=C32)N4CCNCC4)F)C(=O)O","InChI=1S/C17H18FN3O3/c18-13-7-11-14(8-15(13)20-5-3-19-4-6-20)21(10-1-2-10)9-12(16(11)22)17(23)24/h7-10,19H,1-6H2,(H,23,24)"
"cis-2-Butene",           C₄H₈,             56.11,  2.33,     0,           0,              0,                 0,                4,          15.2,          0.616,      3.7,      -138.7,"C/C=C\C","InChI=1S/C4H8/c1-3-4-2/h3-4H,1-2H3/b4-3-"
"Citric Acid",            C₆H₈O₇,          192.12, -1.72,     4,           7,              5,                 132,             13,           227,          1.8,      309.6,         153,"C(C(=O)O)C(CC(=O)O)(C(=O)O)O","InChI=1S/C6H8O7/c7-3(8)1-6(13,5(11)12)2-4(9)10/h13H,1-2H2,(H,7,8)(H,9,10)(H,11,12)"
"Clarithromycin",         C₃₈H₆₉NO₁₃,      747.95,  3.16,     4,          14,              8,                 183,             52,          1190,          1.2,      805.5,         220,"CC[C@@H]1[C@@]([C@@H]([C@H](C(=O)[C@@H](C[C@@]([C@@H]([C@H]([C@@H]([C@H](C(=O)O1)C)O[C@H]2C[C@@]([C@H]([C@@H](O2)C)O)(C)OC)C)O[C@H]3[C@@H]([C@H](C[C@H](O3)C)N(C)C)O)(C)OC)C)C)O)(C)O","InChI=1S/C38H69NO13/c1-15-26-38(10,45)31(42)21(4)28(40)19(2)17-37(9,47-14)33(52-35-29(41)25(39(11)12)16-20(3)48-35)22(5)30(23(6)34(44)50-26)51-27-18-36(8,46-13)32(43)24(7)49-27/h19-27,29-33,35,41-43,45H,15-18H2,1-14H3/t19-,20-,21+,22+,23-,24+,25+,26-,27+,29-,30+,31-,32+,33-,35+,36-,37-,38-/m1/s1"
"Claritin",               C₂₂H₂₃ClN₂O₂,     382.9,   5.2,     0,           3,              2,                 42.4,            27,           569,          1.3,       531,          137,"CCOC(=O)N1CCC(=C2C3=C(CCC4=C2N=CC=C4)C=C(C=C3)Cl)CC1","InChI=1S/C22H23ClN2O2/c1-2-27-22(26)25-12-9-15(10-13-25)20-19-8-7-18(23)14-17(19)6-5-16-4-3-11-24-21(16)20/h3-4,7-8,11,14H,2,5-6,9-10,12-13H2,1H3"
"Coronene",               C₂₄H₁₂,           300.4,  7.38,     0,           0,              0,                 0,               24,           376,          1.5,     525.6,          438,"C1=CC2=C3C4=C1C=CC5=C4C6=C(C=C5)C=CC7=C6C3=C(C=C2)C=C7","InChI=1S/C24H12/c1-2-14-5-6-16-9-11-18-12-10-17-8-7-15-4-3-13(1)19-20(14)22(16)24(18)23(17)21(15)19/h1-12H"
"Cyclopropane",           C₃H₆,             42.08,  1.69,     0,           0,              0,                 0,                3,           4.8,          0.8,       -33,      -127.62,"C1CC1","InChI=1S/C3H6/c1-2-3-1/h1-3H2"
"Cyclobutane",            C₄H₈,             56.11,  2.26,     0,           0,              0,                 0,                4,           8,            0.8,       12.5,      -90.67,"C1CCC1","InChI=1S/C4H8/c1-2-4-3-1/h1-4H2"
"Cyclopentane",           C₅H₁₀,            70.13,  2.82,     0,           0,              0,                 0,                5,          11.6,          0.8,       49.2,         -94,"C1CCCC1","InChI=1S/C5H10/c1-2-4-5-3-1/h1-5H2"
"Cyclohexane",            C₆H₁₂,            84.16,  3.39,     0,           0,              0,                 0,                6,          15.5,          0.8,       80.7,         6.5,"C1CCCCC1","InChI=1S/C6H12/c1-2-4-6-5-3-1/h1-6H2"
"Cycloheptane",           C₇H₁₄,            98.19,  3.95,     0,           0,              0,                 0,                7,          19.7,          0.8,      118.5,         -12,"C1CCCCCC1","InChI=1S/C7H14/c1-2-4-6-7-5-3-1/h1-7H2"
"Cyclooctane",            C₈H₁₆,           112.21,  4.51,     0,           0,              0,                 0,                8,           24,           0.8,      152.0,          12,"C1CCCCCCC1","InChI=1S/C8H16/c1-2-4-6-8-7-5-3-1/h1-8H2"
"Cyclononane",            C₉H₁₈,           126.24,  5.08,     0,           0,              0,                 0,                9,          28.5,          0.8,      178.4,          11,"C1CCCCCCCC1","InChI=1S/C9H18/c1-2-4-6-8-9-7-5-3-1/h1-9H2"
"Cyclodecane",            C₁₀H₂₀,          140.27,  5.64,     0,           0,              0,                 0,               10,          33.2,          0.8,      201.0,          10,"C1CCCCCCCCC1","InChI=1S/C10H20/c1-2-4-6-8-10-9-7-5-3-1/h1-10H2"
"Cycloundecane",          C₁₁H₂₂,          154.29,  6.21,     0,           0,              0,                 0,               11,          38.1,          0.8,      218.4,          -7,"C1CCCCCCCCCC1","InChI=1S/C11H22/c1-2-4-6-8-10-11-9-7-5-3-1/h1-11H2"
"Cyclododecane",          C₁₂H₂₄,          168.32,  6.77,     0,           0,              0,                 0,               12,            43,          0.8,      247.0,          59,"C1CCCCCCCCCCC1","InChI=1S/C12H24/c1-2-4-6-8-10-12-11-9-7-5-3-1/h1-12H2"
"Cyclotridecane",         C₁₃H₂₆,          182.35,  7.34,     0,           0,              0,                 0,               13,          48.1,          0.8,      261.0,          23,"C1CCCCCCCCCCCC1","InChI=1S/C13H26/c1-2-4-6-8-10-12-13-11-9-7-5-3-1/h1-13H2"
"Cyclotetradecane",       C₁₄H₂₈,          196.37,  7.90,     0,           0,              0,                 0,               14,          53.3,          0.8,      280.9,          54,"C1CCCCCCCCCCCCC1","InChI=1S/C14H28/c1-2-4-6-8-10-12-14-13-11-9-7-5-3-1/h1-14H2"
"Cyclopentadecane",       C₁₅H₃₀,          210.40,  8.46,     0,           0,              0,                 0,               15,          58.6,          0.8,      300.1,          62,"C1CCCCCCCCCCCCCC1","InChI=1S/C15H30/c1-2-4-6-8-10-12-14-15-13-11-9-7-5-3-1/h1-15H2"
"Cysteine",               C₃H₇NO₂S,        121.16,  0.23,     3,           4,              2,                 64.3,             7,          75.3,          1.3,       293.9,        240,"C([C@@H](C(=O)O)N)S","InChI=1S/C3H7NO2S/c4-2(1-7)3(5)6/h2,7H,1,4H2,(H,5,6)/t2-/m0/s1"
"Cytosine",               C₄H₅N₃O,          111.1,  2.29,     2,           2,              0,                 67.5,             8,           170,          1.6,       445.8,        320,"C1=C(NC(=O)N=C1)N","InChI=1S/C4H5N3O/c5-3-1-2-6-4(8)7-3/h1-2H,(H3,5,6,7,8)"
"D-Glucose",              C₆H₁₂O₆,         180.16,  -2.6,     5,           6,              1,                 110,             12,           151,          1.544,     410.8,        150,"C([C@@H]1[C@H]([C@@H]([C@H](C(O1)O)O)O)O)O","InChI=1S/C6H12O6/c7-1-2-3(8)4(9)5(10)6(11)12-2/h2-11H,1H2/t2-,3-,4+,5-,6?/m1/s1"
"Darunavir",              C₂₇H₃₇N₃O₇S,      547.7,   2.9,     3,           9,             12,                 149,             38,           853,          1.3,       311.6,         74,"CC(C)CN(C[C@H]([C@H](CC1=CC=CC=C1)NC(=O)O[C@H]2CO[C@@H]3[C@H]2CCO3)O)S(=O)(=O)C4=CC=C(C=C4)N","InChI=1S/C27H37N3O7S/c1-18(2)15-30(38(33,34)21-10-8-20(28)9-11-21)16-24(31)23(14-19-6-4-3-5-7-19)29-27(32)37-25-17-36-26-22(25)12-13-35-26/h3-11,18,22-26,31H,12-17,28H2,1-2H3,(H,29,32)/t22-,23-,24+,25-,26+/m0/s1"
"Decane",                 C₁₀H₂₂,          142.28,   5.0,     0,           0,              7,                 0,               10,           40,           0.73,      174.1,      -29.7,"CCCCCCCCCC","InChI=1S/C10H22/c1-3-5-7-9-10-8-6-4-2/h3-10H2,1-2H3"
"Dibutyl Ether",          C₈H₁₈O,          130.23,   3.2,     0,           1,              6,                 9.2,              9,          37.8,          0.77,        141,        -95,"CCCCOCCCC","InChI=1S/C8H18O/c1-3-5-7-9-8-6-4-2/h3-8H2,1-2H3"
"Di-tert-butyl Ether",    C₈H₁₈O,          130.23,   2.0,     0,           1,              2,                 9.2,              9,          69.7,          0.7658,    107.2,        -61,"CC(C)(C)OC(C)(C)C","InChI=1S/C8H18O/c1-7(2,3)9-8(4,5)6/h1-6H3"
"Dihydrogen",             H₂,               2.016,     0,     0,           0,              0,                 0,                0,            0,           0.000082, -259.16,   -252.76,"[HH]","InChI=1S/H2/h1H"
"Dinitrogen",             N₂,               28.013,    0,     0,           2,              0,                 47.6,             2,            8,           0.00125, -195.79,    -210.01,"N#N","InChI=1S/N2/c1-2"
"Dioxygen",               O₂,                 32,   0.65,     0,           2,              0,                 34.1,             2,           0,            0.00143,  -183,       -218.4,"O=O","InChI=1S/O2/c1-2"
"Docosane",               C₂₂H₄₆,           310.6, 12.44,     0,           0,             19,                 0,               22,           153,          0.778,     370,           44,"CCCCCCCCCCCCCCCCCCCCCC","InChI=1S/C22H46/c1-3-5-7-9-11-13-15-17-19-21-22-20-18-16-14-12-10-8-6-4-2/h3-22H2,1-2H3"
"Dodecane",               C₁₂H₂₆,          170.33,   6.1,     0,           0,              9,                 0,               12,           56.4,         0.75,      216.3,      -9.55,"CCCCCCCCCCCC","InChI=1S/C12H26/c1-3-5-7-9-11-12-10-8-6-4-2/h3-12H2,1-2H3"
"Doxycycline",            C₂₂H₂₄N₂O₈,	    444.4,  0.63,     6,           9,              2,                 182,             32,           956,          1.6,       753.5,        201,"C[C@@H]1[C@H]2[C@@H]([C@H]3[C@@H](C(=O)C(=C([C@]3(C(=O)C2=C(C4=C1C=CC=C4O)O)O)O)C(=O)N)N(C)C)O","InChI=1S/C22H24N2O8/c1-7-8-5-4-6-9(25)11(8)16(26)12-10(7)17(27)14-15(24(2)3)18(28)13(21(23)31)20(30)22(14,32)19(12)29/h4-7,10,14-15,17,25-27,30,32H,1-3H3,(H2,23,31)/t7-,10+,14+,15-,17-,22-/m0/s1"
"Durene",                 C₁₀H₁₄,          134.22,  4.06,     0,           0,              0,                 0,               10,           80.6,         0.868,     192,         79.2,"CC1=CC(=C(C=C1C)C)C","InChI=1S/C10H14/c1-7-5-9(3)10(4)6-8(7)2/h5-6H,1-4H3"
"Efaproxiral",            C₂₀H₂₃NO₄,        341.4,   3.6,     2,           4,              6,                 75.6,            25,           458,          1.2,       554.5,        138,"CC1=CC(=CC(=C1)NC(=O)CC2=CC=C(C=C2)OC(C)(C)C(=O)O)C","InChI=1S/C20H23NO4/c1-13-9-14(2)11-16(10-13)21-18(22)12-15-5-7-17(8-6-15)25-20(3,4)19(23)24/h5-11H,12H2,1-4H3,(H,21,22)(H,23,24)"
"Elaidic Acid",           C₁₈H₃₄O₂,         282.5,  6.78,     1,           2,             15,                 37.3,            20,           234,          0.9,       288,           44,"CCCCCCCC/C=C/CCCCCCCC(=O)O","InChI=1S/C18H34O2/c1-2-3-4-5-6-7-8-9-10-11-12-13-14-15-16-17-18(19)20/h9-10H,2-8,11-17H2,1H3,(H,19,20)/b10-9+"
"Erythritol",             C₄H₁₀O₄,         122.12,  -2.3,     4,           4,              3,                 80.9,             8,            48,          1.45,      330.5,        121,"C(C(C(CO)O)O)O","InChI=1S/C4H10O4/c5-1-3(7)4(8)2-6/h3-8H,1-2H2/t3-,4+"
"Erythromycin",           C₃₇H₆₇NO₁₃,      733.93,  2.83,     5,          14,              7,                 194,             51,          1180,          1.2,       818.4,        133,"CC[C@@H]1[C@@]([C@@H]([C@H](C(=O)[C@@H](C[C@@]([C@@H]([C@H]([C@@H]([C@H](C(=O)O1)C)O[C@H]2C[C@@]([C@H]([C@@H](O2)C)O)(C)OC)C)O[C@H]3[C@@H]([C@H](C[C@H](O3)C)N(C)C)O)(C)O)C)C)O)(C)O","InChI=1S/C37H67NO13/c1-14-25-37(10,45)30(41)20(4)27(39)18(2)16-35(8,44)32(51-34-28(40)24(38(11)12)15-19(3)47-34)21(5)29(22(6)33(43)49-25)50-26-17-36(9,46-13)31(42)23(7)48-26/h18-26,28-32,34,40-42,44-45H,14-17H2,1-13H3/t18-,19-,20+,21+,22-,23+,24+,25-,26+,28-,29+,30-,31+,32-,34+,35-,36-,37-/m1/s1"
"Ethanal",                C₂H₄O,            44.05, -0.34,     0,           1,              0,                 17.1,             3,          10.3,          0.784,     20.2,     −123.37,"CC=O","InChI=1S/C2H4O/c1-2-3/h2H,1H3"
"Ethanamine",             C₂H₇N,            45.08, 0.037,     1,           1,              0,                 26,               3,           2.8,          0.687,      16,          -85,"CCN","InChI=1S/C2H7N/c1-2-3/h2-3H2,1H3"
"Ethane",                 C₂H₆,             30.07,  1.81,     0,           0,              0,                 0,                2,           0,            0.362,     -88,         -172,"CC","InChI=1S/C2H6/c1-2/h1-2H3"
"Ethanoic Acid",          C₂H₄O₂,           60.05, -0.28,     1,           2,              0,                 37.3,             4,           31,           1.049,     118,           16,"CC(=O)O","InChI=1S/C2H4O2/c1-2(3)4/h1H3,(H,3,4)"
"Ethanol",                C₂H₆O,            46.07, -0.19,     1,           1,              0,                 20.2,             3,           2.8,          0.79,      78.2,      -114.1,"CCO","InChI=1S/C2H6O/c1-2-3/h3H,2H2,1H3"
"Ether",                  C₄H₁₀O,           74.12,   0.9,     0,           1,              2,                 9.2,              5,           11.1,         0.706,     34.6,        -116,"CCOCC","InChI=1S/C4H10O/c1-3-5-4-2/h3-4H2,1-2H3"
"Ethyl Acetate",          C₄H₈O₂,           88.11,  0.71,     0,           2,              2,                 26.3,             6,           49.5,         0.902,     77.1,       −83.6,"CCOC(=O)C","InChI=1S/C4H8O2/c1-3-6-4(2)5/h3H2,1-2H3"
"Ethylamine",             C₂H₇N,            45.08, 0.037,     1,           1,              0,                 26,               3,           2.8,          0.68,      16.6,       -81.1,"CCN","InChI=1S/C2H7N/c1-2-3/h2-3H2,1H3"
"Ethylene",               C₂H₄,             28.05,  1.32,     0,           0,              0,                 0,                2,           0,            0.5,     -103.7,        -169,"C=C","InChI=1S/C2H4/c1-2/h1-2H2"
"Fidaxomicin",            C₅₂H₇₄Cl₂O₁₈,   1058.04, 10.73,     7,          18,             15,                 267,             72,           1970,         1.3,     1046.4,         161,"CC[C@H]1/C=C(/[C@H](C/C=C/C=C(/C(=O)O[C@@H](C/C=C(/C=C(/[C@@H]1O[C@H]2[C@H]([C@H]([C@@H](C(O2)(C)C)OC(=O)C(C)C)O)O)\C)\C)[C@@H](C)O)\CO[C@H]3[C@H]([C@H]([C@@H]([C@H](O3)C)OC(=O)C4=C(C(=C(C(=C4O)Cl)O)Cl)CC)O)OC)O)\C","InChI=1S/C52H74Cl2O18/c1-13-30-22-26(6)33(56)18-16-15-17-31(23-66-51-45(65-12)42(61)44(29(9)67-51)69-49(64)35-32(14-2)36(53)39(58)37(54)38(35)57)48(63)68-34(28(8)55)20-19-25(5)21-27(7)43(30)70-50-41(60)40(59)46(52(10,11)72-50)71-47(62)24(3)4/h15-17,19,21-22,24,28-30,33-34,40-46,50-51,55-61H,13-14,18,20,23H2,1-12H3/b16-15+,25-19+,26-22+,27-21+,31-17+/t28-,29-,30+,33+,34+,40-,41+,42+,43+,44-,45+,46+,50-,51-/m1/s1"
"Fructose",               C₆H₁₂O₆,         180.16, -1.47,     5,           6,              1,                 110,             12,           162,          1.694,    440.1,         103,"C1[C@H]([C@H]([C@@H](C(O1)(CO)O)O)O)O","InChI=1S/C6H12O6/c7-2-6(11)5(10)4(9)3(8)1-12-6/h3-5,7-11H,1-2H2/t3-,4-,5+,6?/m1/s1"
"Fumaric Acid",           C₄H₄O₄,          116.07, -0.01,     2,           4,              2,                 74.6,             8,           119,          1.5,      355.5,         298,"C(=C/C(=O)O)\C(=O)O","InChI=1S/C4H4O4/c5-3(6)1-2-4(7)8/h1-2H,(H,5,6)(H,7,8)/b2-1+"
"Geldanamycin",           C₂₉H₄₀N₂O₉,      560.64,  2.00,     3,           9,              5,                 164,             40,           1150,         1.2,      783.9,         255,"C[C@H]1C[C@@H]([C@@H]([C@H](/C=C(/[C@@H]([C@H](/C=C\C=C(\C(=O)NC2=CC(=O)C(=C(C1)C2=O)OC)/C)OC)OC(=O)N)\C)C)O)OC","InChI=1S/C29H40N2O9/c1-15-11-19-25(34)20(14-21(32)27(19)39-7)31-28(35)16(2)9-8-10-22(37-5)26(40-29(30)36)18(4)13-17(3)24(33)23(12-15)38-6/h8-10,13-15,17,22-24,26,33H,11-12H2,1-7H3,(H2,30,36)(H,31,35)/b10-8-,16-9+,18-13+/t15-,17+,22+,23+,24-,26+/m1/s1"
"Glutamic Acid",          C₅H₉NO₄,         147.13, -1.43,     3,           5,              4,                 101,             10,           145,          1.46,     333.8,         205,"C(CC(=O)O)[C@@H](C(=O)O)N","InChI=1S/C5H9NO4/c6-3(5(9)10)1-2-4(7)8/h3H,1-2,6H2,(H,7,8)(H,9,10)/t3-/m0/s1"
"Glutamine",              C₅H₁₀N₂O₃,       146.14, -1.28,     3,           4,              4,                 106,             10,           146,          1.5,      353.5,         185,"C(CC(=O)N)[C@@H](C(=O)O)N","InChI=1S/C5H10N2O3/c6-3(5(9)10)1-2-4(7)8/h3H,1-2,6H2,(H2,7,8)(H,9,10)/t3-/m0/s1"
"Glycine",                C₂H₅NO₂,          75.07, -1.03,     2,           3,              1,                 63.3,             5,           42.9,         1.16,     240.9,         233,"C(C(=O)O)N","InChI=1S/C2H5NO2/c3-1-2(4)5/h1,3H2,(H,4,5)"
"Guanine",                C₅H₅N₅O,         151.13, -0.98,     3,           3,              0,                 96.2,            11,           225,          2.2,      591.4,         360,"C1=NC2=C(N1)C(=O)NC(=N2)N","InChI=1S/C5H5N5O/c6-5-9-3-2(4(11)10-5)7-1-8-3/h1H,(H4,6,7,8,9,10,11)"
"Helium",                 He,                4.00,  0.28,     0,           0,              0,                 0,                1,           0,            0.1785,  -268.9,      -272.2,"[He]","InChI=1S/He"
"Heneicosane",            C₂₁H₄₄,           296.6, 11.91,     0,           0,             18,                 0,               21,           143,          0.792,     356.5,       40.5,"CCCCCCCCCCCCCCCCCCCCC","InChI=1S/C21H44/c1-3-5-7-9-11-13-15-17-19-21-20-18-16-14-12-10-8-6-4-2/h3-21H2,1-2H3"
"Heptacene",              C₃₀H₁₈,           378.5,  9.60,     0,           0,              0,                 0,               30,           516,          1.3,       677.0,     264.86,"C1=CC=C2C=C3C=C4C=C5C=C6C=C7C=CC=CC7=CC6=CC5=CC4=CC3=CC2=C1","InChI=1S/C30H18/c1-2-6-20-10-24-14-28-18-30-16-26-12-22-8-4-3-7-21(22)11-25(26)15-29(30)17-27(28)13-23(24)9-19(20)5-1/h1-18H"
"Heptadecane",            C₁₇H₃₆,           240.5,  9.79,     0,           0,             14,                 0,               17,           103,          0.777,     301.8,         22,"CCCCCCCCCCCCCCCCC","InChI=1S/C17H36/c1-3-5-7-9-11-13-15-17-16-14-12-10-8-6-4-2/h3-17H2,1-2H3"
"Heptane",                C₇H₁₆,           100.20,   4.4,     0,           0,              4,                 0,                7,           19.2,         0.684,     98,           -91,"CCCCCCC","InChI=1S/C7H16/c1-3-5-7-6-4-2/h3-7H2,1-2H3"
"Herbimycin",             C₃₀H₄₂N₂O₉,      574.66,  2.12,     2,           9,              6,                 153,             41,           1150,         1.2,       752.4,        230,"C[C@H]1C[C@@H]([C@@H]([C@H](/C=C(/[C@@H]([C@H](/C=C\C=C(\C(=O)NC2=CC(=O)C=C([C@@H]1OC)C2=O)/C)OC)OC(=O)N)\C)C)OC)OC","1S/C30H42N2O9/c1-16-10-9-11-23(37-5)28(41-30(31)36)18(3)12-17(2)27(40-8)24(38-6)13-19(4)26(39-7)21-14-20(33)15-22(25(21)34)32-29(16)35/h9-12,14-15,17,19,23-24,26-28H,13H2,1-8H3,(H2,31,36)(H,32,35)/b11-9-,16-10+,18-12+/t17-,19-,23-,24-,26+,27+,28-/m0/s1"
"Hexabenzocoronene",      C₄₂H₁₈,           522.6, 12.55,     0,           0,              0,                 0,               42,           864,          1.6,       800,          600,"C1=CC2=C3C=CC=C4C3=C5C6=C2C(=C1)C7=C8C6=C9C1=C(C8=CC=C7)C=CC=C1C1=CC=CC2=C1C9=C5C1=C4C=CC=C21","InChI=1S/C42H18/c1-7-19-21-9-2-11-23-25-13-4-15-27-29-17-6-18-30-28-16-5-14-26-24-12-3-10-22-20(8-1)31(19)37-38(32(21)23)40(34(25)27)42(36(29)30)41(35(26)28)39(37)33(22)24/h1-18H"
"Hexacene",               C₂₆H₁₆,           328.4,  8.37,     0,           0,              0,                 0,               26,           418,          1.3,       604.1,      231.7,"C1=CC=C2C=C3C=C4C=C5C=C6C=CC=CC6=CC5=CC4=CC3=CC2=C1","InChI=1S/C26H16/c1-2-6-18-10-22-14-26-16-24-12-20-8-4-3-7-19(20)11-23(24)15-25(26)13-21(22)9-17(18)5-1/h1-16H"
"Hexadecane",             C₁₆H₃₄,           226.44,  8.3,     0,           0,              13,                0,               16,           92.6,         0.773,     287,           18,"CCCCCCCCCCCCCCCC","InChI=1S/C16H34/c1-3-5-7-9-11-13-15-16-14-12-10-8-6-4-2/h3-16H2,1-2H3"
"Hexane",                 C₆H₁₄,            86.18,   3.9,     0,           0,              3,                 0,                6,           12,           0.659,     69,           -95,"CCCCCC","InChI=1S/C6H14/c1-3-5-6-4-2/h3-6H2,1-2H3"
"Histidine",              C₆H₉N₃O₂,        155.15, -1.26,     3,           4,              3,                 92,              11,           151,          1.4,      458.9,         287,"C1=C(NC=N1)C[C@@H](C(=O)O)N","InChI=1S/C6H9N3O2/c7-5(6(10)11)1-4-2-8-3-9-4/h2-3,5H,1,7H2,(H,8,9)(H,10,11)/t5-/m0/s1"
"Hydrogen Peroxide",      H₂O₂,            34.015, -0.43,     2,           2,              0,                 40.5,             2,           0,            1.11,     150.2,       -0.43,"OO","InChI=1S/H2O2/c1-2/h1-2H"
"Ibuprofen",              C₁₃H₁₈O₂,         206.28,  3.5,     1,           2,              4,                 37.3,            15,           203,          1.03,      157,           76,"CC(C)CC1=CC=C(C=C1)C(C)C(=O)O","InChI=1S/C13H18O2/c1-9(2)8-11-4-6-12(7-5-11)10(3)13(14)15/h4-7,9-10H,8H2,1-3H3,(H,14,15)"
"Icosane",                C₂₀H₄₂,           282.5, 11.38,     0,           0,             17,                 0,               20,           132,          0.7886,    344.1,      36.47,"CCCCCCCCCCCCCCCCCCCC","InChI=1S/C20H42/c1-3-5-7-9-11-13-15-17-19-20-18-16-14-12-10-8-6-4-2/h3-20H2,1-2H3"
"Isoleucine",             C₆H₁₃NO₂,        131.17,  0.73,     2,           3,              3,                 63.3,             9,           103,          1.0,       225.8,        288,"CC[C@H](C)[C@@H](C(=O)O)N","InChI=1S/C6H13NO2/c1-3-4(2)5(7)6(8)9/h4-5H,3,7H2,1-2H3,(H,8,9)/t4-,5-/m0/s1"
"Krypton",                Kr,                83.8,  0.89,     0,           0,              0,                 0,                1,           0,            2.9,      -153.2,     -157.3,"[Kr]","InChI=1S/Kr"
"Lactose",                C₁₂H₂₂O₁₁,        342.3,  -4.7,     8,          11,              4,                 190,             23,           382,          1.53,      668.9,        238,"C(C1C(C(C(C(O1)OC2C(OC(C(C2O)O)O)CO)O)O)O)O","InChI=1S/C12H22O11/c13-1-3-5(15)6(16)9(19)12(22-3)23-10-4(2-14)21-11(20)8(18)7(10)17/h3-20H,1-2H2/t3-,4-,5+,6+,7-,8-,9-,10-,11-,12+/m1/s1"
"Leucine",                C₆H₁₃NO₂,        131.17,  0.73,     2,           3,              3,                 63.3,             9,           101,          1.0,       225.8,        293,"CC(C)C[C@@H](C(=O)O)N","InChI=1S/C6H13NO2/c1-4(2)3-5(7)6(8)9/h4-5H,3,7H2,1-2H3,(H,8,9)/t5-/m0/s1"
"Lipitor",                C₆₆H₆₈CaF₂N₄O₁₀,  1155.3, 5.39,     6,          12,             22,                 229,             83,           817,          NA,        722,          164,"CC(C)C1=C(C(=C(N1CC[C@H](C[C@H](CC(=O)[O-])O)O)C2=CC=C(C=C2)F)C3=CC=CC=C3)C(=O)NC4=CC=CC=C4.CC(C)C1=C(C(=C(N1CC[C@H](C[C@H](CC(=O)[O-])O)O)C2=CC=C(C=C2)F)C3=CC=CC=C3)C(=O)NC4=CC=CC=C4.[Ca+2]","InChI=1S/2C33H35FN2O5.Ca/c2*1-21(2)31-30(33(41)35-25-11-7-4-8-12-25)29(22-9-5-3-6-10-22)32(23-13-15-24(34)16-14-23)36(31)18-17-26(37)19-27(38)20-28(39)40;/h2*3-16,21,26-27,37-38H,17-20H2,1-2H3,(H,35,41)(H,39,40);/q;;+2/p-2/t2*26-,27-;/m11./s1"
"Lysine",                 C₆H₁₄N₂O₂,       146.19, -1.04,     3,           4,              5,                 89.3,            10,           106,          1.1,       311.5,        215,"C(CCN)C[C@@H](C(=O)O)N","InChI=1S/C6H14N2O2/c7-4-2-1-3-5(8)6(9)10/h5H,1-4,7-8H2,(H,9,10)/t5-/m0/s1"
"Maleic Acid",            C₄H₄O₄,          116.07, -0.01,     2,           4,              2,                 74.6,             8,           119,          1.5,       355.5,        137,"C(=C\C(=O)O)\C(=O)O","InChI=1S/C4H4O4/c5-3(6)1-2-4(7)8/h1-2H,(H,5,6)(H,7,8)/b2-1-"
"Maltose",                C₁₂H₂₂O₁₁,        342.3,  -4.7,     8,          11,              4,                 190,             23,           382,          1.54,     397.76,        110,"C(C1C(C(C(C(O1)OC2C(OC(C(C2O)O)O)CO)O)O)O)O","InChI=1S/C12H22O11/c13-1-3-5(15)6(16)9(19)12(22-3)23-10-4(2-14)21-11(20)8(18)7(10)17/h3-20H,1-2H2/t3-,4-,5-,6+,7-,8-,9-,10-,11-,12-/m1/s1"
"Mannitol",               C₆H₁₄O₆,         182.17,  -3.1,     6,           6,              5,                 121,             12,           105,          1.52,        563,        167,"C(C(C(C(C(CO)O)O)O)O)O","InChI=1S/C6H14O6/c7-1-3(9)5(11)6(12)4(10)2-8/h3-12H,1-2H2/t3-,4-,5-,6-/m1/s1"
"Metformin",              C₄H₁₁N₅,          129.16, -1.3,     3,           1,              2,                 91.5,             9,           132,          1.3,       172.5,      224.5,"CN(C)C(=N)N=C(N)N","InChI=1S/C4H11N5/c1-9(2)4(7)8-3(5)6/h1-2H3,(H5,5,6,7,8)"
"Methane",                CH₄,              16.043,  0.6,     0,           0,              0,                 0,                1,           0,            0.716,     -161,        -183,"C","InChI=1S/CH4/h1H4"
"Methionine",             C₅H₁₁NO₂S,        149.21, 0.37,     2,           4,              4,                 88.6,             9,           97,           1.34,      306.9,        280,"CSCC[C@@H](C(=O)O)N","InChI=1S/C5H11NO2S/c1-9-3-2-4(6)5(7)8/h4H,2-3,6H2,1H3,(H,7,8)/t4-/m0/s1"
"Methoxymethane",         C₂H₆O,             46.07,0.022,     0,           1,              0,                  9.2,             3,           2.8,          0.724,       -24,       -141,"COC","InChI=1S/C2H6O/c1-3-2/h1-2H3"
"Methyl Butanoate",       C₅H₁₀O₂,          102.13, 1.24,     0,           2,              3,                 26.3,             7,           59.1,         0.898,       102,        -95,"CCCC(=O)OC","InChI=1S/C5H10O2/c1-3-4-5(6)7-2/h3-4H2,1-2H3"
"Methyl Propanoate",      C₄H₈O₂,            88.11,  0.8,     0,           2,              2,                 26.3,             6,           49.5,         0.915,        80,        -88,"CCC(=O)OC","InChI=1S/C4H8O2/c1-3-4(5)6-2/h3H2,1-2H3"
"Molnupiravir",           C₁₃H₁₉N₃O₇,      329.31, -0.17,     4,           7,              6,                 141,             23,           534,          1.6,       582.6,        156,"CC(C)C(=O)OC[C@@H]1[C@H]([C@H]([C@@H](O1)N2C=CC(=NC2=O)NO)O)O","InChI=1S/C13H19N3O7/c1-6(2)12(19)22-5-7-9(17)10(18)11(23-7)16-4-3-8(15-21)14-13(16)20/h3-4,6-7,9-11,17-18,21H,5H2,1-2H3,(H,14,15,20)/t7-,9-,10-,11-/m1/s1"
"Morphine",               C₁₇H₁₉NO₃,        285.34,  0.8,     2,           4,              0,                 52.9,            21,           494,          1.4,       476.2,        254,"CN1CC[C@]23[C@@H]4[C@H]1CC5=C2C(=C(C=C5)O)O[C@H]3[C@H](C=C4)O","InChI=1S/C17H19NO3/c1-18-7-6-17-10-3-5-13(20)16(17)21-15-12(19)4-2-9(14(15)17)8-11(10)18/h2-5,10-11,13,16,19-20H,6-8H2,1H3/t10-,11+,13-,16-,17-/m0/s1"
"Naphthalene",            C₁₀H₈,            128.17, 3.34,     0,           0,              0,                 0,               10,           80.6,         1.145,     217.97,      78.2,"C1=CC=C2C=CC=CC2=C1","InChI=1S/C10H8/c1-2-6-10-8-4-3-7-9(10)5-1/h1-8H"
"Neon",                   Ne,                20.18, 0.28,     0,           0,              0,                 0,                1,            0,           1.442,     -246,     -248.67,"[Ne]","InChI=1S/Ne"
"Neotame",                C₂₀H₃₀N₂O₅,        378.5, 3.63,     3,           6,             12,                 105,             27,           495,          1.1,       565.3,       80.9,"CC(C)(C)CCN[C@@H](CC(=O)O)C(=O)N[C@@H](CC1=CC=CC=C1)C(=O)OC","InChI=1S/C20H30N2O5/c1-20(2,3)10-11-21-15(13-17(23)24)18(25)22-16(19(26)27-4)12-14-8-6-5-7-9-14/h5-9,15-16,21H,10-13H2,1-4H3,(H,22,25)(H,23,24)/t15-,16-/m0/s1"
"Nitroglycerin",          C₃H₅N₃O₉,         227.09,  1.6,     0,           9,              5,                 165,             15,           219,          1.6,       250,         13.5,"C(C(CO[N+](=O)[O-])O[N+](=O)[O-])O[N+](=O)[O-]","InChI=1S/C3H5N3O9/c7-4(8)13-1-3(15-6(11)12)2-14-5(9)10/h3H,1-2H2"
"Nonacene",               C₃₈H₂₂,           478.6, 12.06,     0,           0,              0,                 0,               38,           720,          1.3,      753.68,     331.10,"C1=CC=C2C=C3C=C4C=C5C=C6C=C7C=C8C=C9C=CC=CC9=CC8=CC7=CC6=CC5=CC4=CC3=CC2=C1","InChI=1S/C38H22/c1-2-6-24-10-28-14-32-18-36-22-38-20-34-16-30-12-26-8-4-3-7-25(26)11-29(30)15-33(34)19-37(38)21-35(36)17-31(32)13-27(28)9-23(24)5-1/h1-22H"
"Nonadecane",             C₁₉H₄₀,           268.5, 10.85,     0,           0,             16,                 0,               19,           123,          0.786,     330,           33,"CCCCCCCCCCCCCCCCCCC","InChI=1S/C19H40/c1-3-5-7-9-11-13-15-17-19-18-16-14-12-10-8-6-4-2/h3-19H2,1-2H3"
"Nonane",                 C₉H₂₀,            128.25,  4.5,     0,           0,              6,                 0,                9,           33.3,         0.718,     151,          -53,"CCCCCCCCC","InChI=1S/C9H20/c1-3-5-7-9-8-6-4-2/h3-9H2,1-2H3"
"Octacene",               C₃₄H₂₀,           428.5, 10.83,     0,           0,              0,                 0,               34,           616,          1.3,       744.7,     297.98,"C1=CC=C2C=C3C=C4C=C5C=C6C=C7C=C8C=CC=CC8=CC7=CC6=CC5=CC4=CC3=CC2=C1","InChI=1S/C34H20/c1-2-6-22-10-26-14-30-18-34-20-32-16-28-12-24-8-4-3-7-23(24)11-27(28)15-31(32)19-33(34)17-29(30)13-25(26)9-21(22)5-1/h1-20H"
"Octadecane",             C₁₈H₃₈,           254.5, 10.32,     0,           0,             15,                 0,               18,           112,          0.777,     317,           28,"CCCCCCCCCCCCCCCCCC","InChI=1S/C18H38/c1-3-5-7-9-11-13-15-17-18-16-14-12-10-8-6-4-2/h3-18H2,1-2H3"
"Octane",                 C₈H₁₈,            114.23,  3.9,     0,           0,              5,                 0,                8,           25,           0.703,     125,          -57,"CCCCCCCC","InChI=1S/C8H18/c1-3-5-7-8-6-4-2/h3-8H2,1-2H3"
"Oleic Acid",             C₁₈H₃₄O₂,         282.5,   7.7,     1,           2,             15,                 37.3,            20,           234,          0.9,       360,           17,"CCCCCCCC/C=C\CCCCCCCC(=O)O","InChI=1S/C18H34O2/c1-2-3-4-5-6-7-8-9-10-11-12-13-14-15-16-17-18(19)20/h9-10H,2-8,11-17H2,1H3,(H,19,20)/b10-9-"
"Oseltamivir",            C₁₆H₂₈N₂O₄,      312.40,   1.5,     2,           5,              8,                 90.6,            22,           418,          1.1,       473.3,        187,"CCC(CC)O[C@@H]1C=C(C[C@@H]([C@H]1NC(=O)C)N)C(=O)OCC","InChI=1S/C16H28N2O4/c1-5-12(6-2)22-14-9-11(16(20)21-7-3)8-13(17)15(14)18-10(4)19/h9,12-15H,5-8,17H2,1-4H3,(H,18,19)/t13-,14+,15+/m0/s1"
"Oxytetracycline",        C₂₂H₂₄N₂O₉,     460.439,  -0.9,     7,          10,              2,                 202,             33,          1000,          1.634,     565.29,       183,"C[C@@]1([C@H]2[C@@H]([C@H]3[C@@H](C(=O)C(=C([C@]3(C(=O)C2=C(C4=C1C=CC=C4O)O)O)O)C(=O)N)N(C)C)O)O","InChI=1S/C22H24N2O9/c1-21(32)7-5-4-6-8(25)9(7)15(26)10-12(21)17(28)13-14(24(2)3)16(27)11(20(23)31)19(30)22(13,33)18(10)29/h4-6,12-14,17,25-26,28,30,32-33H,1-3H3,(H2,23,31)/t12-,13-,14+,17+,21-,22+/m1/s1"
"Ozone",                  O₃,               47.998, -1.7,     0,           2,              0,                 41.1,             3,           4.8,          1.5,      -110.51,    -192.7,"[O-][O+]=O","InChI=1S/O3/c1-3-2"
"Paracetamol",            C₈H₉NO₂,          151.16, 0.34,     2,           2,              1,                 49.3,            11,           139,          1.263,      387.8,       169,"CC(=O)NC1=CC=C(C=C1)O","InChI=1S/C8H9NO2/c1-6(10)9-7-2-4-8(11)5-3-7/h2-5,11H,1H3,(H,9,10)"
"Paxlovid",               C₂₃H₃₂F₃N₅O₄,     499.5,   2.2,     3,           8,              7,                 131,             35,           964,          1.3,       742.4,      192.9,"CC1([C@@H]2[C@H]1[C@H](N(C2)C(=O)[C@H](C(C)(C)C)NC(=O)C(F)(F)F)C(=O)N[C@@H](C[C@@H]3CCNC3=O)C#N)C","InChI=1S/C23H32F3N5O4/c1-21(2,3)16(30-20(35)23(24,25)26)19(34)31-10-13-14(22(13,4)5)15(31)18(33)29-12(9-27)8-11-6-7-28-17(11)32/h11-16H,6-8,10H2,1-5H3,(H,28,32)(H,29,33)(H,30,35)/t11-,12-,13-,14-,15-,16+/m0/s1"
"Penicillin G",           C₁₆H₁₈N₂O₄S,      334.4,   1.8,     2,           5,              4,                 112,             23,           530,          1.4,       663.3,      215.5,"CC1([C@@H](N2[C@H](S1)[C@@H](C2=O)NC(=O)CC3=CC=CC=C3)C(=O)O)C","InChI=1S/C16H18N2O4S/c1-16(2)12(15(21)22)18-13(20)11(14(18)23-16)17-10(19)8-9-6-4-3-5-7-9/h3-7,11-12,14H,8H2,1-2H3,(H,17,19)(H,21,22)/t11-,12+,14-/m1/s1"
"Pentacene",              C₂₂H₁₄,           278.3,  7.14,     0,           0,              0,                 0,               22,           325,          1.2,       524.7,        372,"C1=CC=C2C=C3C=C4C=C5C=CC=CC5=CC4=CC3=CC2=C1","InChI=1S/C22H14/c1-2-6-16-10-20-14-22-12-18-8-4-3-7-17(18)11-21(22)13-19(20)9-15(16)5-1/h1-14H"
"Pentadecane",            C₁₅H₃₂,          212.41,   7.7,     0,           0,             12,                 0,               15,          84.2,          0.769,     270.6,        9.9,"CCCCCCCCCCCCCCC","InChI=1S/C15H32/c1-3-5-7-9-11-13-15-14-12-10-8-6-4-2/h3-15H2,1-2H3"
"Pentane",                C₅H₁₂,            72.15,   3.4,     0,           0,              2,                 0,                5,           7.5,          0.626,     36,          -130,"CCCCC","InChI=1S/C5H12/c1-3-5-4-2/h3-5H2,1-2H3"
"Phenylalanine",          C₉H₁₁NO₂,        165.19,  1.11,     2,           3,              3,                 63.3,            12,           153,          1.2,       307.5,        266,"C1=CC=C(C=C1)C[C@@H](C(=O)O)N","InChI=1S/C9H11NO2/c10-8(9(11)12)6-7-4-2-1-3-5-7/h1-5,8H,6,10H2,(H,11,12)/t8-/m0/s1"
"Progeldanamycin",        C₂₇H₄₁NO₆,       475.62,  3.17,     4,           6,              2,                 108,             34,           707,          1.2,       681.0,        255,"C[C@H]1C[C@@H]([C@@H](C(/C=C(/[C@@H]([C@H](CC/C=C(/C(=O)NC2=CC(=CC(=C2)C1)O)\C)OC)O)\C)C)O)OC","InChI=1S/C27H41NO6/c1-16-10-20-13-21(15-22(29)14-20)28-27(32)17(2)8-7-9-23(33-5)25(30)18(3)12-19(4)26(31)24(11-16)34-6/h8,12-16,19,23-26,29-31H,7,9-11H2,1-6H3,(H,28,32)/b17-8+,18-12+/t16-,19?,23+,24+,25+,26-/m1/s1"
"Proline",                C₅H₉NO₂,         115.13, -0.57,     2,           3,              1,                 49.3,             8,           103,          1.2,       252.2,        208,"C1C[C@H](NC1)C(=O)O","InChI=1S/C5H9NO2/c7-5(8)4-2-1-3-6-4/h4,6H,1-3H2,(H,7,8)/t4-/m0/s1"
"Propanal",               C₃H₆O,            58.08,   0.6,     0,           1,              1,                 17.1,             4,          17.2,          0.81,         46,        -81,"CCC=O","InChI=1S/C3H6O/c1-2-3-4/h3H,2H2,1H3"
"Propanamide",            C₃H₇NO,           73.09,  -0.7,     1,           1,              1,                 43.1,             5,          42.2,          1.042,       213,         80,"CCC(=O)N","InChI=1S/C3H7NO/c1-2-3(4)5/h2H2,1H3,(H2,4,5)"
"Propane",                C₃H₈,             44.10,   1.8,     0,           0,              0,                 0,                3,             0,          0.564,     -42.1,       -188,"CCC","InChI=1S/C3H8/c1-3-2/h3H2,1-2H3"
"Propanoic Acid",         C₃H₆O₂,           74.08,  0.33,     1,           2,              1,                 37.3,             5,          40.2,          0.98797,  141.15,      -20.5,"CCC(=O)O","InChI=1S/C3H6O2/c1-2-3(4)5/h2H2,1H3,(H,4,5)"
"Propanol",               C₃H₈O,            60.10, 0.329,     1,           1,              1,                 20.2,             4,           7.2,          0.803,        97,       -126,"CCCO","InChI=1S/C3H8O/c1-2-3-4/h4H,2-3H2,1H3"
"Propanone",              C₃H₆O,            58.08, -0.24,     0,           1,              0,                 17.1,             4,          26.3,          0.7845,    56.08,      -94.9,"CC(=O)C","InChI=1S/C3H6O/c1-3(2)4/h1-2H3"
"Propylamine",            C₃H₉N,            59.11, 0.547,     1,           1,              1,                 26,               4,           7.2,          0.719,        47,        -83,"CCCN","InChI=1S/C3H9N/c1-2-3-4/h2-4H2,1H3"
"Propylene",              C₃H₆,             42.08,  1.84,     0,           0,              0,                 0,                3,           7.5,          0.6,       -47.7,       -185,"CC=C","InChI=1S/C3H6/c1-3-2/h3H,1H2,2H3"
"Propyne",                C₃H₄,             40.06,   0.9,     0,           0,              0,                 0,                3,          26.5,          0.53,      -23.2,     -102.7,"CC#C","InChI=1S/C3H4/c1-3-2/h1H,2H3"
"Pyrrolysine",            C₁₂H₂₁N₃O₃,      255.31, -2.36,     3,           5,              7,                 105,             18,           331,          1.3,       546.9,     305.09,"C[C@@H]1CC=N[C@H]1C(=O)NCCCC[C@@H](C(=O)O)N","InChI=1S/C12H21N3O3/c1-8-5-7-14-10(8)11(16)15-6-3-2-4-9(13)12(17)18/h7-10H,2-6,13H2,1H3,(H,15,16)(H,17,18)/t8-,9+,10-/m1/s1"
"Rifabutin",              C₄₆H₆₂N₄O₁₁,     847.01,  3.45,     5,          14,              5,                 206,             61,           1870,         1.3,       969.6,        170,"C[C@H]1/C=C/C=C(\C(=O)NC2=C3C(=NC4(N3)CCN(CC4)CC(C)C)C5=C(C2=O)C(=C(C6=C5C(=O)[C@](O6)(O/C=C/[C@@H]([C@H]([C@H]([C@@H]([C@@H]([C@@H]([C@H]1O)C)O)C)OC(=O)C)C)OC)C)C)O)/C","InChI=1S/C46H62N4O11/c1-22(2)21-50-18-16-46(17-19-50)48-34-31-32-39(54)28(8)42-33(31)43(56)45(10,61-42)59-20-15-30(58-11)25(5)41(60-29(9)51)27(7)38(53)26(6)37(52)23(3)13-12-14-24(4)44(57)47-36(40(32)55)35(34)49-46/h12-15,20,22-23,25-27,30,37-38,41,52-55H,16-19,21H2,1-11H3,(H,47,57)/b13-12+,20-15+,24-14?/t23-,25+,26+,27+,30-,37-,38+,41+,45-/m0/s1"
"Rifamide",               C₄₃H₅₈N₂O₁₃,     810.93,  2.08,     5,          13,              8,                 211,             58,           1550,         1.3,       927.4,        170,"CCN(CC)C(=O)COC1=C2C3=C(C(=C1)NC(=O)/C(=C\C=C\[C@@H]([C@@H]([C@H]([C@H]([C@H]([C@@H]([C@@H]([C@H](/C=C/O[C@@]4(C(=O)C2=C(O4)C(=C3O)C)C)OC)C)OC(=O)C)C)O)C)O)C)/C)O","InChI=1S/C43H58N2O13/c1-12-45(13-2)31(47)20-55-30-19-28-38(51)33-32(30)34-40(26(8)37(33)50)58-43(10,41(34)52)56-18-17-29(54-11)23(5)39(57-27(9)46)25(7)36(49)24(6)35(48)21(3)15-14-16-22(4)42(53)44-28/h14-19,21,23-25,29,35-36,39,48-51H,12-13,20H2,1-11H3,(H,44,53)/b15-14+,18-17+,22-16-/t21-,23+,24+,25+,29-,35-,36+,39+,43-/m0/s1"
"Rifampicin",             C₄₃H₅₈N₄O₁₂,     822.94,  1.09,     6,          15,              5,                 220,             59,           1620,         1.3,      1004.4,        194,"C[C@H]1/C=C/C=C(\C(=O)NC2=C(C(=C3C(=C2O)C(=C(C4=C3C(=O)[C@](O4)(O/C=C/[C@@H]([C@H]([C@H]([C@@H]([C@@H]([C@@H]([C@H]1O)C)O)C)OC(=O)C)C)OC)C)C)O)O)/C=N/N5CCN(CC5)C)/C","InChI=1S/C43H58N4O12/c1-21-12-11-13-22(2)42(55)45-33-28(20-44-47-17-15-46(9)16-18-47)37(52)30-31(38(33)53)36(51)26(6)40-32(30)41(54)43(8,59-40)57-19-14-29(56-10)23(3)39(58-27(7)48)25(5)35(50)24(4)34(21)49/h11-14,19-21,23-25,29,34-35,39,49-53H,15-18H2,1-10H3,(H,45,55)/b12-11+,19-14+,22-13-,44-20+/t21-,23+,24+,25+,29-,34-,35+,39+,43-/m0/s1"
"Rifamycin B",            C₃₉H₄₉NO₁₄,      755.81,  1.76,     6,          14,              6,                 228,             54,           1460,         1.4,       961.5,        161,"C[C@H]1/C=C/C=C(\C(=O)NC2=CC(=C3C(=C2O)C(=C(C4=C3C(=O)[C@](O4)(O/C=C/[C@@H]([C@H]([C@H]([C@@H]([C@@H]([C@@H]([C@H]1O)C)O)C)OC(=O)C)C)OC)C)C)O)OCC(=O)O)/C","InChI=1S/C39H49NO14/c1-17-11-10-12-18(2)38(49)40-24-15-26(51-16-27(42)43)28-29(34(24)47)33(46)22(6)36-30(28)37(48)39(8,54-36)52-14-13-25(50-9)19(3)35(53-23(7)41)21(5)32(45)20(4)31(17)44/h10-15,17,19-21,25,31-32,35,44-47H,16H2,1-9H3,(H,40,49)(H,42,43)/b11-10+,14-13+,18-12-/t17-,19+,20+,21+,25-,31-,32+,35+,39-/m0/s1"
"Rifamycin S",            C₃₇H₄₅NO₁₂,      695.75,  3.40,     4,          12,              3,                 195,             50,           1480,         1.3,       917.4,        180,"C[C@H]1/C=C/C=C(\C(=O)NC2=CC(=O)C3=C(C2=O)C(=C(C4=C3C(=O)[C@](O4)(O/C=C/[C@@H]([C@H]([C@H]([C@@H]([C@@H]([C@@H]([C@H]1O)C)O)C)OC(=O)C)C)OC)C)C)O)/C","InChI=1S/C37H45NO12/c1-16-11-10-12-17(2)36(46)38-23-15-24(40)26-27(32(23)44)31(43)21(6)34-28(26)35(45)37(8,50-34)48-14-13-25(47-9)18(3)33(49-22(7)39)20(5)30(42)19(4)29(16)41/h10-16,18-20,25,29-30,33,41-43H,1-9H3,(H,38,46)/b11-10+,14-13+,17-12-/t16-,18+,19+,20+,25-,29-,30+,33+,37-/m0/s1"
"Rifamycin SV",           C₃₇H₄₇NO₁₂,      697.77,  1.52,     6,          12,              3,                 201,             50,           1330,         1.4,       862.1,        171,"C[C@H]1/C=C/C=C(\C(=O)NC2=CC(=C3C(=C2O)C(=C(C4=C3C(=O)[C@](O4)(O/C=C/[C@@H]([C@H]([C@H]([C@@H]([C@@H]([C@@H]([C@H]1O)C)O)C)OC(=O)C)C)OC)C)C)O)O)/C","InChI=1S/C37H47NO12/c1-16-11-10-12-17(2)36(46)38-23-15-24(40)26-27(32(23)44)31(43)21(6)34-28(26)35(45)37(8,50-34)48-14-13-25(47-9)18(3)33(49-22(7)39)20(5)30(42)19(4)29(16)41/h10-16,18-20,25,29-30,33,40-44H,1-9H3,(H,38,46)/b11-10+,14-13+,17-12-/t16-,18+,19+,20+,25-,29-,30+,33+,37-/m0/s1"
"Rifapentine",            C₄₇H₆₄N₄O₁₂,     877.03,  2.58,     6,          15,              6,                 220,             63,           1730,         1.4,      1033.1,        179,"C[C@H]1/C=C/C=C(\C(=O)NC2=C(C(=C3C(=C2O)C(=C(C4=C3C(=O)[C@](O4)(O/C=C/[C@@H]([C@H]([C@H]([C@@H]([C@@H]([C@@H]([C@H]1O)C)O)C)OC(=O)C)C)OC)C)C)O)O)/C=N/N5CCN(CC5)C6CCCC6)/C","InChI=1S/C47H64N4O12/c1-24-13-12-14-25(2)46(59)49-37-32(23-48-51-20-18-50(19-21-51)31-15-10-11-16-31)41(56)34-35(42(37)57)40(55)29(6)44-36(34)45(58)47(8,63-44)61-22-17-33(60-9)26(3)43(62-30(7)52)28(5)39(54)27(4)38(24)53/h12-14,17,22-24,26-28,31,33,38-39,43,53-57H,10-11,15-16,18-21H2,1-9H3,(H,49,59)/b13-12+,22-17+,25-14-,48-23+/t24-,26+,27+,28+,33-,38-,39+,43+,47-/m0/s1"
"Rifaximin",              C₄₃H₅₁N₃O₁₁,     785.88,  3.22,     5,          12,              3,                 198,             57,           1590,        1.36,         145,        200,"C[C@H]1/C=C/C=C(\C(=O)NC2=C(C3=C(C4=C(C(=C3O)C)O[C@@](C4=O)(O/C=C/[C@@H]([C@H]([C@H]([C@@H]([C@@H]([C@@H]([C@H]1O)C)O)C)OC(=O)C)C)OC)C)C5=C2N6C=CC(=CC6=N5)C)O)/C","C[C@H]1/C=C/C=C(\C(=O)NC2=C(C3=C(C4=C(C(=C3O)C)O[C@@](C4=O)(O/C=C/[C@@H]([C@H]([C@H]([C@@H]([C@@H]([C@@H]([C@H]1O)C)O)C)OC(=O)C)C)OC)C)C5=C2N6C=CC(=CC6=N5)C)O)/C"
"Roxithromycin",          C₄₁H₇₆N₂O₁₅,     837.05,  3.73,     5,          17,             13,                 217,             58,           1310,         1.3,       864.7,        111,"CC[C@@H]1[C@@]([C@@H]([C@H](/C(=N/OCOCCOC)/[C@@H](C[C@@]([C@@H]([C@H]([C@@H]([C@H](C(=O)O1)C)O[C@H]2C[C@@]([C@H]([C@@H](O2)C)O)(C)OC)C)O[C@H]3[C@@H]([C@H](C[C@H](O3)C)N(C)C)O)(C)O)C)C)O)(C)O","InChI=1S/C41H76N2O15/c1-15-29-41(10,49)34(45)24(4)31(42-53-21-52-17-16-50-13)22(2)19-39(8,48)36(58-38-32(44)28(43(11)12)18-23(3)54-38)25(5)33(26(6)37(47)56-29)57-30-20-40(9,51-14)35(46)27(7)55-30/h22-30,32-36,38,44-46,48-49H,15-21H2,1-14H3/b42-31+/t22-,23-,24+,25+,26-,27+,28+,29-,30+,32-,33+,34-,35+,36-,38+,39-,40-,41-/m1/s1"
"Saccharin",              C₇H₅NO₃S,        183.19,   0.9,     1,           3,              0,                71.6,             12,           303,         0.83,      388.76,     229.25,"C1=CC=C2C(=C1)C(=O)NS2(=O)=O","InChI=1S/C7H5NO3S/c9-7-5-3-1-2-4-6(5)12(10,11)8-7/h1-4H,(H,8,9)"
"Selenocysteine",         C₃H₆NO₂Se,       167.06,  0.34,     2,           3,              2,                 63.3,             7,           75.3,         1.2,       440.2,        143,"C([C@@H](C(=O)O)N)[Se]","InChI=1S/C3H6NO2Se/c4-2(1-7)3(5)6/h2H,1,4H2,(H,5,6)/t2-/m0/s1"
"Serine",                 C₃H₇NO₃,         105.09, -1.58,     3,           4,              2,                 83.6,             7,           72.6,         1.4,       394.8,        228,"C([C@@H](C(=O)O)N)O","InChI=1S/C3H7NO3/c4-2(1-5)3(6)7/h2,5H,1,4H2,(H,6,7)/t2-/m0/s1"
"Sirolimus",              C₅₁H₇₉NO₁₃,      914.17,  3.54,     3,          13,              6,                 195,             65,           1760,         1.2,       973.0,        183,"C[C@@H]1CC[C@H]2C[C@@H](/C(=C/C=C/C=C/[C@H](C[C@H](C(=O)[C@@H]([C@@H](/C(=C/[C@H](C(=O)C[C@H](OC(=O)[C@@H]3CCCCN3C(=O)C(=O)[C@@]1(O2)O)[C@H](C)C[C@@H]4CC[C@H]([C@@H](C4)OC)O)C)/C)O)OC)C)C)/C)OC","InChI=1S/C51H79NO13/c1-30-16-12-11-13-17-31(2)42(61-8)28-38-21-19-36(7)51(60,65-38)48(57)49(58)52-23-15-14-18-39(52)50(59)64-43(33(4)26-37-20-22-40(53)44(27-37)62-9)29-41(54)32(3)25-35(6)46(56)47(63-10)45(55)34(5)24-30/h11-13,16-17,25,30,32-34,36-40,42-44,46-47,53,56,60H,14-15,18-24,26-29H2,1-10H3/b13-11+,16-12+,31-17+,35-25+/t30-,32-,33-,34-,36-,37+,38+,39+,40-,42+,43+,44-,46-,47+,51-/m1/s1"
"Sorbitol",               C₆H₁₄O₆,	       182.17,  -3.1,     6,           6,              5,                 121,             12,            105,        1.49,         295,        111,"C(C(C(C(C(CO)O)O)O)O)O","InChI=1S/C6H14O6/c7-1-3(9)5(11)6(12)4(10)2-8/h3-12H,1-2H2/t3-,4+,5-,6-/m1/s1"
"Spiramycin",             C₄₃H₇₄N₂O₁₄,     843.05,  3.06,     4,          16,             11,                 195,             59,           1370,         1.2,       913.7,        127,"C[C@@H]1C/C=C/C=C/[C@@H]([C@@H](C[C@@H]([C@@H]([C@H]([C@@H](CC(=O)O1)O)OC)O[C@H]2[C@@H]([C@H]([C@@H]([C@H](O2)C)O[C@H]3C[C@@]([C@H]([C@@H](O3)C)O)(C)O)N(C)C)O)CC=O)C)O[C@H]4CC[C@@H]([C@H](O4)C)N(C)C","InChI=1S/C43H74N2O14/c1-24-21-29(19-20-46)39(59-42-37(49)36(45(9)10)38(27(4)56-42)58-35-23-43(6,51)41(50)28(5)55-35)40(52-11)31(47)22-33(48)53-25(2)15-13-12-14-16-32(24)57-34-18-17-30(44(7)8)26(3)54-34/h12-14,16,20,24-32,34-42,47,49-51H,15,17-19,21-23H2,1-11H3/b13-12+,16-14+/t24-,25-,26-,27-,28+,29+,30+,31-,32+,34+,35+,36-,37-,38-,39+,40+,41+,42+,43-/m1/s1"
"Stearic Acid",           C₁₈H₃₆O₂,         284.5,  8.22,     1,           2,             16,                 37.3,            20,           202,          0.9,       359.4,       69.6,"CCCCCCCCCCCCCCCCCC(=O)O","InChI=1S/C18H36O2/c1-2-3-4-5-6-7-8-9-10-11-12-13-14-15-16-17-18(19)20/h2-17H2,1H3,(H,19,20)"
"Sucralose",              C₁₂H₁₉Cl₃O₈,      397.6,  -1.5,     5,           8,              5,                 129,             23,           405,         1.53,       669.4,      125.5,"C(C1C(C(C(C(O1)OC2(C(C(C(O2)CCl)O)O)CCl)O)O)Cl)O","InChI=1S/C12H19Cl3O8/c13-1-4-7(17)10(20)12(3-14,22-4)23-11-9(19)8(18)6(15)5(2-16)21-11/h4-11,16-20H,1-3H2/t4-,5-,6+,7-,8+,9-,10+,11-,12+/m1/s1"
"Telithromycin",          C₄₃H₆₅N₅O₁₀,      812.0,  4.52,     1,          13,             11,                 172,             58,           1440,         1.3,       966.2,        176,"CC[C@@H]1[C@@]2([C@@H]([C@H](C(=O)[C@@H](C[C@@]([C@@H]([C@H](C(=O)[C@H](C(=O)O1)C)C)O[C@H]3[C@@H]([C@H](C[C@H](O3)C)N(C)C)O)(C)OC)C)C)N(C(=O)O2)CCCCN4C=C(N=C4)C5=CN=CC=C5)C","InChI=1S/C43H65N5O10/c1-12-33-43(8)37(48(41(53)58-43)19-14-13-18-47-23-31(45-24-47)30-16-15-17-44-22-30)27(4)34(49)25(2)21-42(7,54-11)38(28(5)35(50)29(6)39(52)56-33)57-40-36(51)32(46(9)10)20-26(3)55-40/h15-17,22-29,32-33,36-38,40,51H,12-14,18-21H2,1-11H3/t25-,26-,27+,28+,29-,32+,33-,36-,37-,38-,40+,42-,43-/m1/s1"
"Tetracene",              C₁₈H₁₂,           228.3,  5.91,     0,           0,              0,                 0,               18,           236,          1.2,       436.7,        357,"C1=CC=C2C=C3C=C4C=CC=CC4=CC3=CC2=C1","InChI=1S/C18H12/c1-2-6-14-10-18-12-16-8-4-3-7-15(16)11-17(18)9-13(14)5-1/h1-12H"
"Tetracosane",            C₂₄H₅₀,          338.7,  13.51,     0,           0,             21,                 0,               24,           174,          0.797,     391.3,         52,"CCCCCCCCCCCCCCCCCCCCCCCC","InChI=1S/C24H50/c1-3-5-7-9-11-13-15-17-19-21-23-24-22-20-18-16-14-12-10-8-6-4-2/h3-24H2,1-2H3"
"Tetradecane",            C₁₄H₃₀,          198.39,   7.2,     0,           0,             11,                 0,               14,           74,           0.762,     253.52,       5.8,"CCCCCCCCCCCCCC","InChI=1S/C14H30/c1-3-5-7-9-11-13-14-12-10-8-6-4-2/h3-14H2,1-2H3"
"Thioketal Haloperidol",  C₂₃H₂₇ClFNOS₂,    452.1,   5.4,     1,           5,              6,                 74.1,            29,           509,          1.3,       593.9,        400,"C1CN(CCC1(C2=CC=C(C=C2)Cl)O)CCCC3(SCCS3)C4=CC=C(C=C4)F","InChI=1S/C23H27ClFNOS2/c24-20-6-2-18(3-7-20)22(27)11-14-26(15-12-22)13-1-10-23(28-16-17-29-23)19-4-8-21(25)9-5-19/h2-9,27H,1,10-17H2"
"Thorazine",              C₁₇H₁₉ClN₂S,      318.9,   5.2,     0,           3,              4,                 31.8,            21,           339,          1.2,       450.1,         57,"CN(C)CCCN1C2=CC=CC=C2SC3=C1C=C(C=C3)Cl","InChI=1S/C17H19ClN2S/c1-19(2)10-5-11-20-14-6-3-4-7-16(14)21-17-9-8-13(18)12-15(17)20/h3-4,6-9,12H,5,10-11H2,1-2H3"
"Threonine",              C₄H₉NO₃,         119.12, -1.23,     3,           4,              2,                 83.6,             8,           93.3,         1.3,       345.8,        256,"C[C@H]([C@@H](C(=O)O)N)O","InChI=1S/C4H9NO3/c1-2(6)3(5)4(7)8/h2-3,6H,5H2,1H3,(H,7,8)/t2-,3+/m1/s1"
"Thymine",                C₅H₆N₂O₂,        126.11, -0.12,     2,           2,              0,                 58.2,             9,           195,          1.2,       403.8,        320,"CC1=CNC(=O)NC1=O","InChI=1S/C5H6N2O2/c1-3-2-6-5(9)7-4(3)8/h2H,1H3,(H2,6,7,8,9)"
"Toluene",                C₇H₈,             92.14,  2.73,     0,           0,              0,                 0,                7,            42,          0.86,      110.6,        -95,"CC1=CC=CC=C1","InChI=1S/C7H8/c1-7-5-3-2-4-6-7/h2-6H,1H3"
"trans-2-Butene",         C₄H₈,             56.11,  2.31,     0,           0,              0,                 0,                4,          15.2,          0.6,         0.9,     -105.5,"C/C=C/C","InChI=1S/C4H8/c1-3-4-2/h3-4H,1-2H3/b4-3+"
"Tricosane",              C₂₃H₄₈,           324.6, 12.98,     0,           0,             20,                 0,               23,           165,          0.797,     380,           48,"CCCCCCCCCCCCCCCCCCCCCCC","InChI=1S/C23H48/c1-3-5-7-9-11-13-15-17-19-21-23-22-20-18-16-14-12-10-8-6-4-2/h3-23H2,1-2H3"
"Tridecane",              C₁₃H₂₈,           184.36,  6.6,     0,           0,             10,                 0,               13,           66.1,         0.756,     235.4,      -5.37,"CCCCCCCCCCCCC","InChI=1S/C13H28/c1-3-5-7-9-11-13-12-10-8-6-4-2/h3-13H2,1-2H3"
"Tryptophan",             C₁₁H₁₂N₂O₂,       204.22, 1.04,     3,           3,              3,                 79.1,            15,           245,          1.4,       447.9,        280,"C1=CC=C2C(=C1)C(=CN2)C[C@@H](C(=O)O)N","InChI=1S/C11H12N2O2/c12-9(11(14)15)5-7-6-13-10-4-2-1-3-8(7)10/h1-4,6,9,13H,5,12H2,(H,14,15)/t9-/m0/s1"
"Tyrosine",               C₉H₁₁NO₃,         181.19, 0.38,     3,           4,              3,                 83.6,            13,           176,          1.3,       385.2,        343,"C1=CC(=CC=C1C[C@@H](C(=O)O)N)O","InChI=1S/C9H11NO3/c10-8(9(12)13)5-6-1-3-7(11)4-2-6/h1-4,8,11H,5,10H2,(H,12,13)/t8-/m0/s1"
"Umifenovir",             C₂₂H₂₅BrN₂O₃S,    477.4,  4.64,     1,           5,              8,                 80,              29,           546,          1.4,       591.8,        241,"CCOC(=O)C1=C(N(C2=CC(=C(C(=C21)CN(C)C)O)Br)C)CSC3=CC=CC=C3","InChI=1S/C22H25BrN2O3S/c1-5-28-22(27)20-18(13-29-14-9-7-6-8-10-14)25(4)17-11-16(23)21(26)15(19(17)20)12-24(2)3/h6-11,26H,5,12-13H2,1-4H3"
"Undecane",               C₁₁H₂₄,           156.31,  5.6,     0,           0,              8,                 0,               11,           49.1,         0.74,      195.9,     -25.54,"CCCCCCCCCCC","InChI=1S/C11H24/c1-3-5-7-9-11-10-8-6-4-2/h3-11H2,1-2H3"
"Uracil",                 C₄H₄N₂O₂,         112.09, -0.71,    2,           2,              0,                 58.2,             8,           161,          1.3,       440.5,        335,"C1=CNC(=O)NC1=O","InChI=1S/C4H4N2O2/c7-3-1-2-5-4(8)6-3/h1-2H,(H2,5,6,7,8)"
"Urea",                   CH₄N₂O,           60.056, -1.43,    2,           1,              0,                 69.1,             4,           29,           1.6,       165.1,      132.7,"C(=O)(N)N","InChI=1S/CH4N2O/c2-1(3)4/h(H4,2,3,4)"
"Valine",                 C₅H₁₁NO₂,         117.15,  0.20,    2,           3,              2,                 63.3,             8,           90.4,         1.1,       213.6,        315,"CC(C)[C@@H](C(=O)O)N","InChI=1S/C5H11NO2/c1-3(2)4(6)5(7)8/h3-4H,6H2,1-2H3,(H,7,8)/t4-/m0/s1"
"Vanillin",               C₈H₈O₃,           152.15,  1.21,    1,           3,              2,                 46.5,            11,           135,          1.06,      285,         81.5,"COC1=C(C=CC(=C1)C=O)O","InChI=1S/C8H8O3/c1-11-8-4-6(5-9)2-3-7(8)10/h2-5,10H,1H3"
"Viagra",                 C₂₈H₃₈N₆O₁₁S,     666.7,   1.8,     5,          15,             12,                 250,             46,           1070,         1.447,     672.4,        187,"CCCC1=NN(C2=C1N=C(NC2=O)C3=C(C=CC(=C3)S(=O)(=O)N4CCN(CC4)C)OCC)C.C(C(=O)O)C(CC(=O)O)(C(=O)O)O","InChI=1S/C22H30N6O4S.C6H8O7/c1-5-7-17-19-20(27(4)25-17)22(29)24-21(23-19)16-14-15(8-9-18(16)32-6-2)33(30,31)28-12-10-26(3)11-13-28;7-3(8)1-6(13,5(11)12)2-4(9)10/h8-9,14H,5-7,10-13H2,1-4H3,(H,23,24,29);13H,1-2H2,(H,7,8)(H,9,10)(H,11,12)"
"Vitamin A",              C₂₀H₃₀O,          286.5,   6.84,    1,           1,              5,                 20.2,            21,           496,          1,         421.2,         63,"CC1=C(C(CCC1)(C)C)/C=C/C(=C/C=C/C(=C/CO)/C)/C","InChI=1S/C20H30O/c1-16(8-6-9-17(2)13-15-21)11-12-19-18(3)10-7-14-20(19,4)5/h6,8-9,11-13,21H,7,10,14-15H2,1-5H3/b9-6+,12-11+,16-8+,17-13+"
"Vitamin C",              C₆H₈O₆,           176.12, -2.41,    4,           6,              2,                 107,             12,           232,          1.65,      552.7,        190,"C([C@@H]([C@@H]1C(=C(C(=O)O1)O)O)O)O","InChI=1S/C6H8O6/c7-1-2(8)5-3(9)4(10)6(11)12-5/h2,5,7-10H,1H2/t2-,5+/m0/s1"
"Vitamin D",              C₂₇H₄₄O,          384.6,   9.72,    1,           1,              6,                 20.2,            28,           610,          1,         496.4,    -182.85,"C[C@H](CCCC(C)C)[C@H]1CC[C@@H]\2[C@@]1(CCC/C2=C\C=C/3\C[C@H](CCC3=C)O)C","InChI=1S/C27H44O/c1-19(2)8-6-9-21(4)25-15-16-26-22(10-7-17-27(25,26)5)12-13-23-18-24(28)14-11-20(23)3/h12-13,19,21,24-26,28H,3,6-11,14-18H2,1-2,4-5H3/b22-12+,23-13-/t21-,24+,25-,26+,27-/m1/s1"
"Voxelotor",              C₁₉H₁₉N₃O₃,       337.4,   2.7,     1,           5,              6,                 77.2,            25,           434,          1.2,       539.2,         80,"CC(C)N1C(=CC=N1)C2=C(C=CC=N2)COC3=CC=CC(=C3C=O)O","InChI=1S/C19H19N3O3/c1-13(2)22-16(8-10-21-22)19-14(5-4-9-20-19)12-25-18-7-3-6-17(24)15(18)11-23/h3-11,13,24H,12H2,1-2H3"
"Water",                  H₂O,             18.015,  -0.5,     1,           1,              0,                 1,                1,           0,            1,         100,            0,"O","InChI=1S/H2O/h1H2"
"Xenon",                  Xe,              131.29,  1.28,     0,           0,              0,                 0,                1,           0,            0.005894,  -108.1,   -111.75,"[Xe]","InChI=1S/Xe"
"Xylitol",                C₅H₁₂O₅,         152.15,  -2.5,     5,           5,              4,                 101,             10,          76.1,          1.52,         216,        94,"C(C(C(C(CO)O)O)O)O","InChI=1S/C5H12O5/c6-1-3(8)5(10)4(9)2-7/h3-10H,1-2H2/t3-,4+,5?"
"Zidovudine",             C₁₀H₁₃N₅O₄,      267.24,  0.05,     2,           6,              3,                 93.2,            19,           484,          1.34,      410.43,       113,"CC1=CN(C(=O)NC1=O)[C@H]2C[C@@H]([C@H](O2)CO)N=[N+]=[N-]","InChI=1S/C10H13N5O4/c1-5-3-15(10(18)12-9(5)17)8-2-6(13-14-11)7(4-16)19-8/h3,6-8,16H,2,4H2,1H3,(H,12,17,18)/t6-,7+,8+/m0/s1"
"Zyrtec",                 C₂₁H₂₇Cl₃N₂O₃,    461.8,  0.86,     3,           5,              8,                 53,              29,           443,          1.237,     542.1,        110,"C1CN(CCN1CCOCC(=O)O)C(C2=CC=CC=C2)C3=CC=C(C=C3)Cl.Cl.Cl","InChI=1S/C21H25ClN2O3.2ClH/c22-19-8-6-18(7-9-19)21(17-4-2-1-3-5-17)24-12-10-23(11-13-24)14-15-27-16-20(25)26;;/h1-9,21H,10-16H2,(H,25,26);2*1H"